BEGIN;

INSERT INTO bureaus (id, name, capacity) VALUES
    (1, 'IT局', 8),
    (2, '広報局', 14),
    (3, '屋外局', 16),
    (4, '室内局', 24),
    (5, 'ステージ局', 20),
    (6, '総務局', 18),
    (7, '渉外局', 10),
    (8, '装飾局', 14);

INSERT INTO interviewers (id, name, bureau_id, role) VALUES
    (1, '面接官 零一', 1, 'chief'),
    (2, '面接官 零二', 1, 'interviewer'),
    (3, '面接官 零三', 2, 'chief'),
    (4, '面接官 零四', 2, 'interviewer'),
    (5, '面接官 零五', 3, 'chief'),
    (6, '面接官 零六', 3, 'interviewer'),
    (7, '面接官 零七', 4, 'chief'),
    (8, '面接官 零八', 4, 'interviewer'),
    (9, '面接官 零九', 5, 'chief'),
    (10, '面接官 一〇', 5, 'interviewer'),
    (11, '面接官 一一', 6, 'chief'),
    (12, '面接官 一二', 6, 'interviewer'),
    (13, '面接官 一三', 7, 'chief'),
    (14, '面接官 一四', 7, 'interviewer'),
    (15, '面接官 一五', 8, 'chief'),
    (16, '面接官 一六', 8, 'interviewer');

INSERT INTO criteria (id, name, description, bureau_id) VALUES
    (1, '技術的意欲', 'プログラミングやIT技術への興味・学習意欲', 1),
    (2, '協調性', 'チーム開発や共同作業を円滑に進められるか', 1),
    (3, '発信力・企画力', 'SNS発信やデザイン、広報企画への関心・センス', 2),
    (4, 'コミュニケーション能力', '外部や他局との情報伝達がスムーズに行えるか', 2),
    (5, '体力・積極性', '屋外での設営やイベント進行における行動力と元気の良さ', 3),
    (6, '子ども対応力', '地域の子どもたちや来場者と明るく接することができるか', 3),
    (7, '対応力・柔軟性', '雨天時などの急な変更や、様々な企画調整に対応できるか', 4),
    (8, '丁寧さ', '学内施設の使用申請や、安全管理を丁寧に行えるか', 4),
    (9, '熱意・コミット度', '矢上祭の華であるステージ運営に情熱を注げるか', 5),
    (10, 'リーダーシップ', '出演者やスタッフを引っ張る積極性があるか', 5),
    (11, '計画性・責任感', '縁の下の力持ちとして、コツコツとタスクをこなす責任感', 6),
    (12, '事務処理適性', '予算管理や資料作成に対する適性・丁寧さ', 6),
    (13, '対人コミュニケーション力', '協賛企業への熱意ある提案や、礼儀正しい交渉ができるか', 7),
    (14, 'タフネス・粘り強さ', '目標額達成に向けて諦めずにアプローチを続けられるか', 7),
    (15, 'クリエイティビティ', '看板やアーチなどの制作に対する想像力・美術的興味', 8),
    (16, '作業継続力', '地道な制作作業に飽きずに取り組める集中力', 8);

INSERT INTO schedules (id, start_at, end_at) VALUES
    (1, '2026-07-10 13:00:00', '2026-07-10 13:30:00'),
    (2, '2026-07-10 13:40:00', '2026-07-10 14:10:00'),
    (3, '2026-07-10 14:20:00', '2026-07-10 14:50:00'),
    (4, '2026-07-11 10:00:00', '2026-07-11 10:30:00'),
    (5, '2026-07-11 10:40:00', '2026-07-11 11:10:00'),
    (6, '2026-07-11 11:20:00', '2026-07-11 11:50:00'),
    (7, '2026-07-12 15:00:00', '2026-07-12 15:30:00'),
    (8, '2026-07-12 15:40:00', '2026-07-12 16:10:00');

INSERT INTO bureau_schedules (id, bureau_id, schedule_id) VALUES
    (1, 1, 1), (2, 1, 2), (3, 1, 3),
    (4, 2, 2), (5, 2, 3), (6, 2, 4),
    (7, 3, 3), (8, 3, 4), (9, 3, 5),
    (10, 4, 4), (11, 4, 5), (12, 4, 6),
    (13, 5, 5), (14, 5, 6), (15, 5, 7),
    (16, 6, 6), (17, 6, 7), (18, 6, 8),
    (19, 7, 1), (20, 7, 2), (21, 7, 8),
    (22, 8, 1), (23, 8, 7), (24, 8, 8);

INSERT INTO applicants (id, name, email, bureau_id, remark, decision) VALUES
    (101, '志望者 零一', 'applicant01@example.com', 1, 'プログラミング経験あり、即戦力', 'accepted'),
    (102, '志望者 零二', 'applicant02@example.com', 1, 'Webデザインに興味ありとのこと', NULL),
    (103, '志望者 零三', 'applicant03@example.com', 1, '面接予定、遅刻なきよう連絡済', NULL),
    (201, '志望者 零四', 'applicant04@example.com', 2, 'SNS運用経験あり、明るくハキハキしている', 'accepted'),
    (202, '志望者 零五', 'applicant05@example.com', 2, '他サークルとの兼ね合いにより辞退', 'withdrawn'),
    (301, '志望者 零六', 'applicant06@example.com', 3, '高校時代サッカー部、体力に自信あり', 'accepted'),
    (302, '志望者 零七', 'applicant07@example.com', 3, '志望動機がやや薄かったため今回は見送り', 'rejected'),
    (401, '志望者 零八', 'applicant08@example.com', 4, '真面目で几帳面な印象、調整役に向いている', NULL),
    (402, '志望者 零九', 'applicant09@example.com', 4, '体育会系、スケジュール通り案内中', NULL),
    (501, '志望者 一〇', 'applicant10@example.com', 5, '文化祭でのステージ責任者経験あり、熱意十分', 'accepted'),
    (502, '志望者 一一', 'applicant11@example.com', 5, '少し緊張していたが、やりたい演出が明確', NULL),
    (601, '志望者 一二', 'applicant12@example.com', 6, 'エクセルが少し使える、コツコツ作業が得意とのこと', 'accepted'),
    (701, '志望者 一三', 'applicant13@example.com', 7, '言葉遣いが非常に丁寧で、交渉能力が高そう', NULL),
    (801, '志望者 一四', 'applicant14@example.com', 8, '美術部出身、大きな絵を描くのが好き', 'accepted');

INSERT INTO applicant_availabilities (applicant_id, bureau_schedule_id) VALUES
    (101, 1), (101, 2), (101, 3),
    (102, 1), (102, 2), (102, 3),
    (103, 1), (103, 2), (103, 3),
    (201, 4), (201, 5), (201, 6),
    (202, 4), (202, 5), (202, 6),
    (301, 7), (301, 8), (301, 9),
    (302, 7), (302, 8), (302, 9),
    (401, 10), (401, 11), (401, 12),
    (402, 10), (402, 11), (402, 12),
    (501, 13), (501, 14), (501, 15),
    (502, 13), (502, 14), (502, 15),
    (601, 16), (601, 17), (601, 18),
    (701, 19), (701, 20), (701, 21),
    (801, 22), (801, 23), (801, 24);

UPDATE applicants SET confirmed_bureau_schedule_id = 1 WHERE id = 101;
UPDATE applicants SET confirmed_bureau_schedule_id = 2 WHERE id = 102;
UPDATE applicants SET confirmed_bureau_schedule_id = 3 WHERE id = 103;
UPDATE applicants SET confirmed_bureau_schedule_id = 4 WHERE id = 201;
UPDATE applicants SET confirmed_bureau_schedule_id = 7 WHERE id = 301;
UPDATE applicants SET confirmed_bureau_schedule_id = 8 WHERE id = 302;
UPDATE applicants SET confirmed_bureau_schedule_id = 10 WHERE id = 401;
UPDATE applicants SET confirmed_bureau_schedule_id = 11 WHERE id = 402;
UPDATE applicants SET confirmed_bureau_schedule_id = 13 WHERE id = 501;
UPDATE applicants SET confirmed_bureau_schedule_id = 14 WHERE id = 502;
UPDATE applicants SET confirmed_bureau_schedule_id = 17 WHERE id = 601;
UPDATE applicants SET confirmed_bureau_schedule_id = 21 WHERE id = 701;
UPDATE applicants SET confirmed_bureau_schedule_id = 24 WHERE id = 801;

INSERT INTO scores (applicant_id, interviewer_id, criterion_id, score) VALUES
    (101, 1, 1, 9), (101, 1, 2, 8),
    (101, 2, 1, 10), (101, 2, 2, 8),
    (102, 1, 1, 7), (102, 1, 2, 7),
    (102, 2, 1, 6), (102, 2, 2, 9),
    (201, 3, 3, 9), (201, 3, 4, 10),
    (201, 4, 3, 8), (201, 4, 4, 9),
    (301, 5, 5, 10), (301, 5, 6, 8),
    (301, 6, 5, 9), (301, 6, 6, 8),
    (302, 5, 5, 5), (302, 5, 6, 4),
    (302, 6, 5, 6), (302, 6, 6, 5),
    (401, 7, 7, 8), (401, 7, 8, 9),
    (401, 8, 7, 7), (401, 8, 8, 8),
    (501, 9, 9, 10), (501, 9, 10, 9),
    (501, 10, 9, 9), (501, 10, 10, 10),
    (502, 9, 9, 8), (502, 9, 10, 7),
    (502, 10, 9, 7), (502, 10, 10, 7),
    (601, 11, 11, 8), (601, 11, 12, 8),
    (601, 12, 11, 9), (601, 12, 12, 7),
    (701, 13, 13, 9), (701, 13, 14, 8),
    (701, 14, 13, 8), (701, 14, 14, 7),
    (801, 15, 15, 9), (801, 15, 16, 9),
    (801, 16, 15, 10), (801, 16, 16, 8);


-- 実運用の途中段階を再現する追加モックデータ。
-- 2026-07-14〜2026-07-18に各局50枠を用意し、応募・割り当て・評価を混在させる。
INSERT INTO schedules (id, start_at, end_at) VALUES
    (9, '2026-07-14 10:00:00', '2026-07-14 10:30:00'),
    (10, '2026-07-14 10:40:00', '2026-07-14 11:10:00'),
    (11, '2026-07-14 11:20:00', '2026-07-14 11:50:00'),
    (12, '2026-07-14 12:00:00', '2026-07-14 12:30:00'),
    (13, '2026-07-14 13:00:00', '2026-07-14 13:30:00'),
    (14, '2026-07-14 13:40:00', '2026-07-14 14:10:00'),
    (15, '2026-07-14 14:20:00', '2026-07-14 14:50:00'),
    (16, '2026-07-14 15:00:00', '2026-07-14 15:30:00'),
    (17, '2026-07-14 15:40:00', '2026-07-14 16:10:00'),
    (18, '2026-07-14 16:20:00', '2026-07-14 16:50:00'),
    (19, '2026-07-15 10:00:00', '2026-07-15 10:30:00'),
    (20, '2026-07-15 10:40:00', '2026-07-15 11:10:00'),
    (21, '2026-07-15 11:20:00', '2026-07-15 11:50:00'),
    (22, '2026-07-15 12:00:00', '2026-07-15 12:30:00'),
    (23, '2026-07-15 13:00:00', '2026-07-15 13:30:00'),
    (24, '2026-07-15 13:40:00', '2026-07-15 14:10:00'),
    (25, '2026-07-15 14:20:00', '2026-07-15 14:50:00'),
    (26, '2026-07-15 15:00:00', '2026-07-15 15:30:00'),
    (27, '2026-07-15 15:40:00', '2026-07-15 16:10:00'),
    (28, '2026-07-15 16:20:00', '2026-07-15 16:50:00'),
    (29, '2026-07-16 10:00:00', '2026-07-16 10:30:00'),
    (30, '2026-07-16 10:40:00', '2026-07-16 11:10:00'),
    (31, '2026-07-16 11:20:00', '2026-07-16 11:50:00'),
    (32, '2026-07-16 12:00:00', '2026-07-16 12:30:00'),
    (33, '2026-07-16 13:00:00', '2026-07-16 13:30:00'),
    (34, '2026-07-16 13:40:00', '2026-07-16 14:10:00'),
    (35, '2026-07-16 14:20:00', '2026-07-16 14:50:00'),
    (36, '2026-07-16 15:00:00', '2026-07-16 15:30:00'),
    (37, '2026-07-16 15:40:00', '2026-07-16 16:10:00'),
    (38, '2026-07-16 16:20:00', '2026-07-16 16:50:00'),
    (39, '2026-07-17 10:00:00', '2026-07-17 10:30:00'),
    (40, '2026-07-17 10:40:00', '2026-07-17 11:10:00'),
    (41, '2026-07-17 11:20:00', '2026-07-17 11:50:00'),
    (42, '2026-07-17 12:00:00', '2026-07-17 12:30:00'),
    (43, '2026-07-17 13:00:00', '2026-07-17 13:30:00'),
    (44, '2026-07-17 13:40:00', '2026-07-17 14:10:00'),
    (45, '2026-07-17 14:20:00', '2026-07-17 14:50:00'),
    (46, '2026-07-17 15:00:00', '2026-07-17 15:30:00'),
    (47, '2026-07-17 15:40:00', '2026-07-17 16:10:00'),
    (48, '2026-07-17 16:20:00', '2026-07-17 16:50:00'),
    (49, '2026-07-18 10:00:00', '2026-07-18 10:30:00'),
    (50, '2026-07-18 10:40:00', '2026-07-18 11:10:00'),
    (51, '2026-07-18 11:20:00', '2026-07-18 11:50:00'),
    (52, '2026-07-18 12:00:00', '2026-07-18 12:30:00'),
    (53, '2026-07-18 13:00:00', '2026-07-18 13:30:00'),
    (54, '2026-07-18 13:40:00', '2026-07-18 14:10:00'),
    (55, '2026-07-18 14:20:00', '2026-07-18 14:50:00'),
    (56, '2026-07-18 15:00:00', '2026-07-18 15:30:00'),
    (57, '2026-07-18 15:40:00', '2026-07-18 16:10:00'),
    (58, '2026-07-18 16:20:00', '2026-07-18 16:50:00');

INSERT INTO bureau_schedules (id, bureau_id, schedule_id) VALUES
    (25, 1, 9),
    (26, 1, 10),
    (27, 1, 11),
    (28, 1, 12),
    (29, 1, 13),
    (30, 1, 14),
    (31, 1, 15),
    (32, 1, 16),
    (33, 1, 17),
    (34, 1, 18),
    (35, 1, 19),
    (36, 1, 20),
    (37, 1, 21),
    (38, 1, 22),
    (39, 1, 23),
    (40, 1, 24),
    (41, 1, 25),
    (42, 1, 26),
    (43, 1, 27),
    (44, 1, 28),
    (45, 1, 29),
    (46, 1, 30),
    (47, 1, 31),
    (48, 1, 32),
    (49, 1, 33),
    (50, 1, 34),
    (51, 1, 35),
    (52, 1, 36),
    (53, 1, 37),
    (54, 1, 38),
    (55, 1, 39),
    (56, 1, 40),
    (57, 1, 41),
    (58, 1, 42),
    (59, 1, 43),
    (60, 1, 44),
    (61, 1, 45),
    (62, 1, 46),
    (63, 1, 47),
    (64, 1, 48),
    (65, 1, 49),
    (66, 1, 50),
    (67, 1, 51),
    (68, 1, 52),
    (69, 1, 53),
    (70, 1, 54),
    (71, 1, 55),
    (72, 1, 56),
    (73, 1, 57),
    (74, 1, 58),
    (75, 2, 9),
    (76, 2, 10),
    (77, 2, 11),
    (78, 2, 12),
    (79, 2, 13),
    (80, 2, 14),
    (81, 2, 15),
    (82, 2, 16),
    (83, 2, 17),
    (84, 2, 18),
    (85, 2, 19),
    (86, 2, 20),
    (87, 2, 21),
    (88, 2, 22),
    (89, 2, 23),
    (90, 2, 24),
    (91, 2, 25),
    (92, 2, 26),
    (93, 2, 27),
    (94, 2, 28),
    (95, 2, 29),
    (96, 2, 30),
    (97, 2, 31),
    (98, 2, 32),
    (99, 2, 33),
    (100, 2, 34),
    (101, 2, 35),
    (102, 2, 36),
    (103, 2, 37),
    (104, 2, 38),
    (105, 2, 39),
    (106, 2, 40),
    (107, 2, 41),
    (108, 2, 42),
    (109, 2, 43),
    (110, 2, 44),
    (111, 2, 45),
    (112, 2, 46),
    (113, 2, 47),
    (114, 2, 48),
    (115, 2, 49),
    (116, 2, 50),
    (117, 2, 51),
    (118, 2, 52),
    (119, 2, 53),
    (120, 2, 54),
    (121, 2, 55),
    (122, 2, 56),
    (123, 2, 57),
    (124, 2, 58),
    (125, 3, 9),
    (126, 3, 10),
    (127, 3, 11),
    (128, 3, 12),
    (129, 3, 13),
    (130, 3, 14),
    (131, 3, 15),
    (132, 3, 16),
    (133, 3, 17),
    (134, 3, 18),
    (135, 3, 19),
    (136, 3, 20),
    (137, 3, 21),
    (138, 3, 22),
    (139, 3, 23),
    (140, 3, 24),
    (141, 3, 25),
    (142, 3, 26),
    (143, 3, 27),
    (144, 3, 28),
    (145, 3, 29),
    (146, 3, 30),
    (147, 3, 31),
    (148, 3, 32),
    (149, 3, 33),
    (150, 3, 34),
    (151, 3, 35),
    (152, 3, 36),
    (153, 3, 37),
    (154, 3, 38),
    (155, 3, 39),
    (156, 3, 40),
    (157, 3, 41),
    (158, 3, 42),
    (159, 3, 43),
    (160, 3, 44),
    (161, 3, 45),
    (162, 3, 46),
    (163, 3, 47),
    (164, 3, 48),
    (165, 3, 49),
    (166, 3, 50),
    (167, 3, 51),
    (168, 3, 52),
    (169, 3, 53),
    (170, 3, 54),
    (171, 3, 55),
    (172, 3, 56),
    (173, 3, 57),
    (174, 3, 58),
    (175, 4, 9),
    (176, 4, 10),
    (177, 4, 11),
    (178, 4, 12),
    (179, 4, 13),
    (180, 4, 14),
    (181, 4, 15),
    (182, 4, 16),
    (183, 4, 17),
    (184, 4, 18),
    (185, 4, 19),
    (186, 4, 20),
    (187, 4, 21),
    (188, 4, 22),
    (189, 4, 23),
    (190, 4, 24),
    (191, 4, 25),
    (192, 4, 26),
    (193, 4, 27),
    (194, 4, 28),
    (195, 4, 29),
    (196, 4, 30),
    (197, 4, 31),
    (198, 4, 32),
    (199, 4, 33),
    (200, 4, 34),
    (201, 4, 35),
    (202, 4, 36),
    (203, 4, 37),
    (204, 4, 38),
    (205, 4, 39),
    (206, 4, 40),
    (207, 4, 41),
    (208, 4, 42),
    (209, 4, 43),
    (210, 4, 44),
    (211, 4, 45),
    (212, 4, 46),
    (213, 4, 47),
    (214, 4, 48),
    (215, 4, 49),
    (216, 4, 50),
    (217, 4, 51),
    (218, 4, 52),
    (219, 4, 53),
    (220, 4, 54),
    (221, 4, 55),
    (222, 4, 56),
    (223, 4, 57),
    (224, 4, 58),
    (225, 5, 9),
    (226, 5, 10),
    (227, 5, 11),
    (228, 5, 12),
    (229, 5, 13),
    (230, 5, 14),
    (231, 5, 15),
    (232, 5, 16),
    (233, 5, 17),
    (234, 5, 18),
    (235, 5, 19),
    (236, 5, 20),
    (237, 5, 21),
    (238, 5, 22),
    (239, 5, 23),
    (240, 5, 24),
    (241, 5, 25),
    (242, 5, 26),
    (243, 5, 27),
    (244, 5, 28),
    (245, 5, 29),
    (246, 5, 30),
    (247, 5, 31),
    (248, 5, 32),
    (249, 5, 33),
    (250, 5, 34),
    (251, 5, 35),
    (252, 5, 36),
    (253, 5, 37),
    (254, 5, 38),
    (255, 5, 39),
    (256, 5, 40),
    (257, 5, 41),
    (258, 5, 42),
    (259, 5, 43),
    (260, 5, 44),
    (261, 5, 45),
    (262, 5, 46),
    (263, 5, 47),
    (264, 5, 48),
    (265, 5, 49),
    (266, 5, 50),
    (267, 5, 51),
    (268, 5, 52),
    (269, 5, 53),
    (270, 5, 54),
    (271, 5, 55),
    (272, 5, 56),
    (273, 5, 57),
    (274, 5, 58),
    (275, 6, 9),
    (276, 6, 10),
    (277, 6, 11),
    (278, 6, 12),
    (279, 6, 13),
    (280, 6, 14),
    (281, 6, 15),
    (282, 6, 16),
    (283, 6, 17),
    (284, 6, 18),
    (285, 6, 19),
    (286, 6, 20),
    (287, 6, 21),
    (288, 6, 22),
    (289, 6, 23),
    (290, 6, 24),
    (291, 6, 25),
    (292, 6, 26),
    (293, 6, 27),
    (294, 6, 28),
    (295, 6, 29),
    (296, 6, 30),
    (297, 6, 31),
    (298, 6, 32),
    (299, 6, 33),
    (300, 6, 34),
    (301, 6, 35),
    (302, 6, 36),
    (303, 6, 37),
    (304, 6, 38),
    (305, 6, 39),
    (306, 6, 40),
    (307, 6, 41),
    (308, 6, 42),
    (309, 6, 43),
    (310, 6, 44),
    (311, 6, 45),
    (312, 6, 46),
    (313, 6, 47),
    (314, 6, 48),
    (315, 6, 49),
    (316, 6, 50),
    (317, 6, 51),
    (318, 6, 52),
    (319, 6, 53),
    (320, 6, 54),
    (321, 6, 55),
    (322, 6, 56),
    (323, 6, 57),
    (324, 6, 58),
    (325, 7, 9),
    (326, 7, 10),
    (327, 7, 11),
    (328, 7, 12),
    (329, 7, 13),
    (330, 7, 14),
    (331, 7, 15),
    (332, 7, 16),
    (333, 7, 17),
    (334, 7, 18),
    (335, 7, 19),
    (336, 7, 20),
    (337, 7, 21),
    (338, 7, 22),
    (339, 7, 23),
    (340, 7, 24),
    (341, 7, 25),
    (342, 7, 26),
    (343, 7, 27),
    (344, 7, 28),
    (345, 7, 29),
    (346, 7, 30),
    (347, 7, 31),
    (348, 7, 32),
    (349, 7, 33),
    (350, 7, 34),
    (351, 7, 35),
    (352, 7, 36),
    (353, 7, 37),
    (354, 7, 38),
    (355, 7, 39),
    (356, 7, 40),
    (357, 7, 41),
    (358, 7, 42),
    (359, 7, 43),
    (360, 7, 44),
    (361, 7, 45),
    (362, 7, 46),
    (363, 7, 47),
    (364, 7, 48),
    (365, 7, 49),
    (366, 7, 50),
    (367, 7, 51),
    (368, 7, 52),
    (369, 7, 53),
    (370, 7, 54),
    (371, 7, 55),
    (372, 7, 56),
    (373, 7, 57),
    (374, 7, 58),
    (375, 8, 9),
    (376, 8, 10),
    (377, 8, 11),
    (378, 8, 12),
    (379, 8, 13),
    (380, 8, 14),
    (381, 8, 15),
    (382, 8, 16),
    (383, 8, 17),
    (384, 8, 18),
    (385, 8, 19),
    (386, 8, 20),
    (387, 8, 21),
    (388, 8, 22),
    (389, 8, 23),
    (390, 8, 24),
    (391, 8, 25),
    (392, 8, 26),
    (393, 8, 27),
    (394, 8, 28),
    (395, 8, 29),
    (396, 8, 30),
    (397, 8, 31),
    (398, 8, 32),
    (399, 8, 33),
    (400, 8, 34),
    (401, 8, 35),
    (402, 8, 36),
    (403, 8, 37),
    (404, 8, 38),
    (405, 8, 39),
    (406, 8, 40),
    (407, 8, 41),
    (408, 8, 42),
    (409, 8, 43),
    (410, 8, 44),
    (411, 8, 45),
    (412, 8, 46),
    (413, 8, 47),
    (414, 8, 48),
    (415, 8, 49),
    (416, 8, 50),
    (417, 8, 51),
    (418, 8, 52),
    (419, 8, 53),
    (420, 8, 54),
    (421, 8, 55),
    (422, 8, 56),
    (423, 8, 57),
    (424, 8, 58);

INSERT INTO applicants (id, name, email, bureau_id, remark, decision) VALUES
    (1001, '田中 葵', 'applicant1001@example.com', 1, '授業でWebアプリを制作した経験があり、チーム開発に関心。 説明会経由の応募。希望枠を複数提出。', 'accepted'),
    (1002, '佐藤 蓮', 'applicant1002@example.com', 1, '授業でWebアプリを制作した経験があり、チーム開発に関心。 授業・アルバイトと両立しながら参加希望。', NULL),
    (1003, '鈴木 結衣', 'applicant1003@example.com', 1, '授業でWebアプリを制作した経験があり、チーム開発に関心。 前回説明会で業務内容を確認済み。', 'waitlisted'),
    (1004, '高橋 陽翔', 'applicant1004@example.com', 1, '授業でWebアプリを制作した経験があり、チーム開発に関心。 選考連絡に返信済み。面接日程を調整中。', 'rejected'),
    (1005, '伊藤 美咲', 'applicant1005@example.com', 1, '授業でWebアプリを制作した経験があり、チーム開発に関心。 具体的な提案を持っており、参加意欲が高い。', NULL),
    (1006, '渡辺 悠真', 'applicant1006@example.com', 1, '授業でWebアプリを制作した経験があり、チーム開発に関心。 友人と一緒に応募。新しい役割にも挑戦したいとのこと。', NULL),
    (1007, '山本 さくら', 'applicant1007@example.com', 1, '授業でWebアプリを制作した経験があり、チーム開発に関心。 初めての運営参加だが、事前準備に前向き。', NULL),
    (1008, '中村 颯太', 'applicant1008@example.com', 1, '授業でWebアプリを制作した経験があり、チーム開発に関心。 ポートフォリオまたは活動実績の提出あり。', NULL),
    (1009, '小林 莉子', 'applicant1009@example.com', 1, '授業でWebアプリを制作した経験があり、チーム開発に関心。 他局との兼務可否を確認中。', 'withdrawn'),
    (1010, '加藤 湊', 'applicant1010@example.com', 1, '授業でWebアプリを制作した経験があり、チーム開発に関心。 連絡は平日夕方以降を希望。', NULL),
    (2001, '吉田 花音', 'applicant2001@example.com', 2, 'SNS運用とイベント告知の経験があり、発信に意欲。 説明会経由の応募。希望枠を複数提出。', NULL),
    (2002, '山田 大輝', 'applicant2002@example.com', 2, 'SNS運用とイベント告知の経験があり、発信に意欲。 授業・アルバイトと両立しながら参加希望。', 'accepted'),
    (2003, '佐々木 彩', 'applicant2003@example.com', 2, 'SNS運用とイベント告知の経験があり、発信に意欲。 前回説明会で業務内容を確認済み。', NULL),
    (2004, '山口 直人', 'applicant2004@example.com', 2, 'SNS運用とイベント告知の経験があり、発信に意欲。 選考連絡に返信済み。面接日程を調整中。', 'waitlisted'),
    (2005, '松本 七海', 'applicant2005@example.com', 2, 'SNS運用とイベント告知の経験があり、発信に意欲。 具体的な提案を持っており、参加意欲が高い。', 'rejected'),
    (2006, '井上 翔', 'applicant2006@example.com', 2, 'SNS運用とイベント告知の経験があり、発信に意欲。 友人と一緒に応募。新しい役割にも挑戦したいとのこと。', NULL),
    (2007, '木村 真央', 'applicant2007@example.com', 2, 'SNS運用とイベント告知の経験があり、発信に意欲。 初めての運営参加だが、事前準備に前向き。', NULL),
    (2008, '林 陽菜', 'applicant2008@example.com', 2, 'SNS運用とイベント告知の経験があり、発信に意欲。 ポートフォリオまたは活動実績の提出あり。', NULL),
    (2009, '清水 拓海', 'applicant2009@example.com', 2, 'SNS運用とイベント告知の経験があり、発信に意欲。 他局との兼務可否を確認中。', NULL),
    (2010, '山崎 杏', 'applicant2010@example.com', 2, 'SNS運用とイベント告知の経験があり、発信に意欲。 連絡は平日夕方以降を希望。', NULL),
    (3001, '森 悠斗', 'applicant3001@example.com', 3, '運動部出身で、屋外作業や来場者対応を希望。 説明会経由の応募。希望枠を複数提出。', 'accepted'),
    (3002, '池田 心', 'applicant3002@example.com', 3, '運動部出身で、屋外作業や来場者対応を希望。 授業・アルバイトと両立しながら参加希望。', NULL),
    (3003, '橋本 海斗', 'applicant3003@example.com', 3, '運動部出身で、屋外作業や来場者対応を希望。 前回説明会で業務内容を確認済み。', 'rejected'),
    (3004, '阿部 千尋', 'applicant3004@example.com', 3, '運動部出身で、屋外作業や来場者対応を希望。 選考連絡に返信済み。面接日程を調整中。', NULL),
    (3005, '石川 陸', 'applicant3005@example.com', 3, '運動部出身で、屋外作業や来場者対応を希望。 具体的な提案を持っており、参加意欲が高い。', 'waitlisted'),
    (3006, '山下 里奈', 'applicant3006@example.com', 3, '運動部出身で、屋外作業や来場者対応を希望。 友人と一緒に応募。新しい役割にも挑戦したいとのこと。', NULL),
    (3007, '中島 修平', 'applicant3007@example.com', 3, '運動部出身で、屋外作業や来場者対応を希望。 初めての運営参加だが、事前準備に前向き。', NULL),
    (3008, '前田 菜月', 'applicant3008@example.com', 3, '運動部出身で、屋外作業や来場者対応を希望。 ポートフォリオまたは活動実績の提出あり。', 'withdrawn'),
    (3009, '藤田 恒一', 'applicant3009@example.com', 3, '運動部出身で、屋外作業や来場者対応を希望。 他局との兼務可否を確認中。', NULL),
    (3010, '小川 未来', 'applicant3010@example.com', 3, '運動部出身で、屋外作業や来場者対応を希望。 連絡は平日夕方以降を希望。', NULL),
    (4001, '岡田 陽向', 'applicant4001@example.com', 4, '学内イベントの運営経験があり、調整役を担当。 説明会経由の応募。希望枠を複数提出。', NULL),
    (4002, '後藤 奈緒', 'applicant4002@example.com', 4, '学内イベントの運営経験があり、調整役を担当。 授業・アルバイトと両立しながら参加希望。', NULL),
    (4003, '長谷川 蓮', 'applicant4003@example.com', 4, '学内イベントの運営経験があり、調整役を担当。 前回説明会で業務内容を確認済み。', 'accepted'),
    (4004, '村上 ひかり', 'applicant4004@example.com', 4, '学内イベントの運営経験があり、調整役を担当。 選考連絡に返信済み。面接日程を調整中。', NULL),
    (4005, '近藤 智也', 'applicant4005@example.com', 4, '学内イベントの運営経験があり、調整役を担当。 具体的な提案を持っており、参加意欲が高い。', 'rejected'),
    (4006, '石井 玲奈', 'applicant4006@example.com', 4, '学内イベントの運営経験があり、調整役を担当。 友人と一緒に応募。新しい役割にも挑戦したいとのこと。', 'waitlisted'),
    (4007, '坂本 優', 'applicant4007@example.com', 4, '学内イベントの運営経験があり、調整役を担当。 初めての運営参加だが、事前準備に前向き。', NULL),
    (4008, '遠藤 和希', 'applicant4008@example.com', 4, '学内イベントの運営経験があり、調整役を担当。 ポートフォリオまたは活動実績の提出あり。', NULL),
    (4009, '青木 莉奈', 'applicant4009@example.com', 4, '学内イベントの運営経験があり、調整役を担当。 他局との兼務可否を確認中。', NULL),
    (4010, '藤井 智美', 'applicant4010@example.com', 4, '学内イベントの運営経験があり、調整役を担当。 連絡は平日夕方以降を希望。', NULL),
    (5001, '西村 瑠衣', 'applicant5001@example.com', 5, '舞台発表の運営経験があり、出演者対応にも関心。 説明会経由の応募。希望枠を複数提出。', 'accepted'),
    (5002, '福田 健太', 'applicant5002@example.com', 5, '舞台発表の運営経験があり、出演者対応にも関心。 授業・アルバイトと両立しながら参加希望。', 'waitlisted'),
    (5003, '太田 葵', 'applicant5003@example.com', 5, '舞台発表の運営経験があり、出演者対応にも関心。 前回説明会で業務内容を確認済み。', NULL),
    (5004, '三浦 颯', 'applicant5004@example.com', 5, '舞台発表の運営経験があり、出演者対応にも関心。 選考連絡に返信済み。面接日程を調整中。', NULL),
    (5005, '藤原 由依', 'applicant5005@example.com', 5, '舞台発表の運営経験があり、出演者対応にも関心。 具体的な提案を持っており、参加意欲が高い。', 'rejected'),
    (5006, '岡本 和也', 'applicant5006@example.com', 5, '舞台発表の運営経験があり、出演者対応にも関心。 友人と一緒に応募。新しい役割にも挑戦したいとのこと。', NULL),
    (5007, '松田 桃子', 'applicant5007@example.com', 5, '舞台発表の運営経験があり、出演者対応にも関心。 初めての運営参加だが、事前準備に前向き。', NULL),
    (5008, '中川 慧', 'applicant5008@example.com', 5, '舞台発表の運営経験があり、出演者対応にも関心。 ポートフォリオまたは活動実績の提出あり。', NULL),
    (5009, '中野 美月', 'applicant5009@example.com', 5, '舞台発表の運営経験があり、出演者対応にも関心。 他局との兼務可否を確認中。', 'withdrawn'),
    (5010, '原田 颯真', 'applicant5010@example.com', 5, '舞台発表の運営経験があり、出演者対応にも関心。 連絡は平日夕方以降を希望。', NULL),
    (6001, '小野寺 望', 'applicant6001@example.com', 6, '資料作成や会計など、裏方の継続的な作業が得意。 説明会経由の応募。希望枠を複数提出。', NULL),
    (6002, '竹内 陽介', 'applicant6002@example.com', 6, '資料作成や会計など、裏方の継続的な作業が得意。 授業・アルバイトと両立しながら参加希望。', 'accepted'),
    (6003, '金子 亜美', 'applicant6003@example.com', 6, '資料作成や会計など、裏方の継続的な作業が得意。 前回説明会で業務内容を確認済み。', NULL),
    (6004, '和田 俊', 'applicant6004@example.com', 6, '資料作成や会計など、裏方の継続的な作業が得意。 選考連絡に返信済み。面接日程を調整中。', 'rejected'),
    (6005, '中山 結菜', 'applicant6005@example.com', 6, '資料作成や会計など、裏方の継続的な作業が得意。 具体的な提案を持っており、参加意欲が高い。', NULL),
    (6006, '石田 優斗', 'applicant6006@example.com', 6, '資料作成や会計など、裏方の継続的な作業が得意。 友人と一緒に応募。新しい役割にも挑戦したいとのこと。', 'waitlisted'),
    (6007, '上田 こころ', 'applicant6007@example.com', 6, '資料作成や会計など、裏方の継続的な作業が得意。 初めての運営参加だが、事前準備に前向き。', NULL),
    (6008, '森田 翼', 'applicant6008@example.com', 6, '資料作成や会計など、裏方の継続的な作業が得意。 ポートフォリオまたは活動実績の提出あり。', NULL),
    (6009, '原 友紀', 'applicant6009@example.com', 6, '資料作成や会計など、裏方の継続的な作業が得意。 他局との兼務可否を確認中。', NULL),
    (6010, '柴田 陽平', 'applicant6010@example.com', 6, '資料作成や会計など、裏方の継続的な作業が得意。 連絡は平日夕方以降を希望。', NULL),
    (7001, '酒井 紗季', 'applicant7001@example.com', 7, '企業や地域との連絡調整に興味があり、丁寧な対応ができる。 説明会経由の応募。希望枠を複数提出。', 'waitlisted'),
    (7002, '工藤 一樹', 'applicant7002@example.com', 7, '企業や地域との連絡調整に興味があり、丁寧な対応ができる。 授業・アルバイトと両立しながら参加希望。', NULL),
    (7003, '横山 瞳', 'applicant7003@example.com', 7, '企業や地域との連絡調整に興味があり、丁寧な対応ができる。 前回説明会で業務内容を確認済み。', 'accepted'),
    (7004, '宮崎 拓郎', 'applicant7004@example.com', 7, '企業や地域との連絡調整に興味があり、丁寧な対応ができる。 選考連絡に返信済み。面接日程を調整中。', NULL),
    (7005, '内田 遥', 'applicant7005@example.com', 7, '企業や地域との連絡調整に興味があり、丁寧な対応ができる。 具体的な提案を持っており、参加意欲が高い。', NULL),
    (7006, '高木 真司', 'applicant7006@example.com', 7, '企業や地域との連絡調整に興味があり、丁寧な対応ができる。 友人と一緒に応募。新しい役割にも挑戦したいとのこと。', 'rejected'),
    (7007, '安藤 莉央', 'applicant7007@example.com', 7, '企業や地域との連絡調整に興味があり、丁寧な対応ができる。 初めての運営参加だが、事前準備に前向き。', NULL),
    (7008, '島田 仁', 'applicant7008@example.com', 7, '企業や地域との連絡調整に興味があり、丁寧な対応ができる。 ポートフォリオまたは活動実績の提出あり。', 'withdrawn'),
    (7009, '谷口 花', 'applicant7009@example.com', 7, '企業や地域との連絡調整に興味があり、丁寧な対応ができる。 他局との兼務可否を確認中。', NULL),
    (7010, '大野 将人', 'applicant7010@example.com', 7, '企業や地域との連絡調整に興味があり、丁寧な対応ができる。 連絡は平日夕方以降を希望。', NULL),
    (8001, '丸山 乃愛', 'applicant8001@example.com', 8, '美術・デザインの制作経験があり、手を動かす作業を希望。 説明会経由の応募。希望枠を複数提出。', NULL),
    (8002, '今井 諒', 'applicant8002@example.com', 8, '美術・デザインの制作経験があり、手を動かす作業を希望。 授業・アルバイトと両立しながら参加希望。', 'accepted'),
    (8003, '高田 美穂', 'applicant8003@example.com', 8, '美術・デザインの制作経験があり、手を動かす作業を希望。 前回説明会で業務内容を確認済み。', NULL),
    (8004, '河野 蓮', 'applicant8004@example.com', 8, '美術・デザインの制作経験があり、手を動かす作業を希望。 選考連絡に返信済み。面接日程を調整中。', 'waitlisted'),
    (8005, '藤本 杏奈', 'applicant8005@example.com', 8, '美術・デザインの制作経験があり、手を動かす作業を希望。 具体的な提案を持っており、参加意欲が高い。', NULL),
    (8006, '武田 颯人', 'applicant8006@example.com', 8, '美術・デザインの制作経験があり、手を動かす作業を希望。 友人と一緒に応募。新しい役割にも挑戦したいとのこと。', 'rejected'),
    (8007, '杉山 莉央', 'applicant8007@example.com', 8, '美術・デザインの制作経験があり、手を動かす作業を希望。 初めての運営参加だが、事前準備に前向き。', NULL),
    (8008, '増田 祐希', 'applicant8008@example.com', 8, '美術・デザインの制作経験があり、手を動かす作業を希望。 ポートフォリオまたは活動実績の提出あり。', NULL),
    (8009, '小島 直樹', 'applicant8009@example.com', 8, '美術・デザインの制作経験があり、手を動かす作業を希望。 他局との兼務可否を確認中。', NULL),
    (8010, '堀内 みのり', 'applicant8010@example.com', 8, '美術・デザインの制作経験があり、手を動かす作業を希望。 連絡は平日夕方以降を希望。', 'withdrawn');

INSERT INTO applicant_availabilities (applicant_id, bureau_schedule_id) VALUES
    (1001, 25),
    (1001, 26),
    (1001, 27),
    (1001, 28),
    (1001, 29),
    (1002, 29),
    (1002, 30),
    (1002, 31),
    (1002, 32),
    (1002, 33),
    (1003, 33),
    (1003, 34),
    (1003, 35),
    (1003, 36),
    (1003, 37),
    (1004, 37),
    (1004, 38),
    (1004, 39),
    (1004, 40),
    (1004, 41),
    (1005, 41),
    (1005, 42),
    (1005, 43),
    (1005, 44),
    (1005, 45),
    (1006, 45),
    (1006, 46),
    (1006, 47),
    (1006, 48),
    (1006, 49),
    (1007, 49),
    (1007, 50),
    (1007, 51),
    (1007, 52),
    (1007, 53),
    (1008, 53),
    (1008, 54),
    (1008, 55),
    (1008, 56),
    (1008, 57),
    (1009, 57),
    (1009, 58),
    (1009, 59),
    (1009, 60),
    (1009, 61),
    (1010, 61),
    (1010, 62),
    (1010, 63),
    (1010, 64),
    (1010, 65),
    (2001, 75),
    (2001, 76),
    (2001, 77),
    (2001, 78),
    (2001, 79),
    (2002, 79),
    (2002, 80),
    (2002, 81),
    (2002, 82),
    (2002, 83),
    (2003, 83),
    (2003, 84),
    (2003, 85),
    (2003, 86),
    (2003, 87),
    (2004, 87),
    (2004, 88),
    (2004, 89),
    (2004, 90),
    (2004, 91),
    (2005, 91),
    (2005, 92),
    (2005, 93),
    (2005, 94),
    (2005, 95),
    (2006, 95),
    (2006, 96),
    (2006, 97),
    (2006, 98),
    (2006, 99),
    (2007, 99),
    (2007, 100),
    (2007, 101),
    (2007, 102),
    (2007, 103),
    (2008, 103),
    (2008, 104),
    (2008, 105),
    (2008, 106),
    (2008, 107),
    (2009, 107),
    (2009, 108),
    (2009, 109),
    (2009, 110),
    (2009, 111),
    (2010, 111),
    (2010, 112),
    (2010, 113),
    (2010, 114),
    (2010, 115),
    (3001, 125),
    (3001, 126),
    (3001, 127),
    (3001, 128),
    (3001, 129),
    (3002, 129),
    (3002, 130),
    (3002, 131),
    (3002, 132),
    (3002, 133),
    (3003, 133),
    (3003, 134),
    (3003, 135),
    (3003, 136),
    (3003, 137),
    (3004, 137),
    (3004, 138),
    (3004, 139),
    (3004, 140),
    (3004, 141),
    (3005, 141),
    (3005, 142),
    (3005, 143),
    (3005, 144),
    (3005, 145),
    (3006, 145),
    (3006, 146),
    (3006, 147),
    (3006, 148),
    (3006, 149),
    (3007, 149),
    (3007, 150),
    (3007, 151),
    (3007, 152),
    (3007, 153),
    (3008, 153),
    (3008, 154),
    (3008, 155),
    (3008, 156),
    (3008, 157),
    (3009, 157),
    (3009, 158),
    (3009, 159),
    (3009, 160),
    (3009, 161),
    (3010, 161),
    (3010, 162),
    (3010, 163),
    (3010, 164),
    (3010, 165),
    (4001, 175),
    (4001, 176),
    (4001, 177),
    (4001, 178),
    (4001, 179),
    (4002, 179),
    (4002, 180),
    (4002, 181),
    (4002, 182),
    (4002, 183),
    (4003, 183),
    (4003, 184),
    (4003, 185),
    (4003, 186),
    (4003, 187),
    (4004, 187),
    (4004, 188),
    (4004, 189),
    (4004, 190),
    (4004, 191),
    (4005, 191),
    (4005, 192),
    (4005, 193),
    (4005, 194),
    (4005, 195),
    (4006, 195),
    (4006, 196),
    (4006, 197),
    (4006, 198),
    (4006, 199),
    (4007, 199),
    (4007, 200),
    (4007, 201),
    (4007, 202),
    (4007, 203),
    (4008, 203),
    (4008, 204),
    (4008, 205),
    (4008, 206),
    (4008, 207),
    (4009, 207),
    (4009, 208),
    (4009, 209),
    (4009, 210),
    (4009, 211),
    (4010, 211),
    (4010, 212),
    (4010, 213),
    (4010, 214),
    (4010, 215),
    (5001, 225),
    (5001, 226),
    (5001, 227),
    (5001, 228),
    (5001, 229),
    (5002, 229),
    (5002, 230),
    (5002, 231),
    (5002, 232),
    (5002, 233),
    (5003, 233),
    (5003, 234),
    (5003, 235),
    (5003, 236),
    (5003, 237),
    (5004, 237),
    (5004, 238),
    (5004, 239),
    (5004, 240),
    (5004, 241),
    (5005, 241),
    (5005, 242),
    (5005, 243),
    (5005, 244),
    (5005, 245),
    (5006, 245),
    (5006, 246),
    (5006, 247),
    (5006, 248),
    (5006, 249),
    (5007, 249),
    (5007, 250),
    (5007, 251),
    (5007, 252),
    (5007, 253),
    (5008, 253),
    (5008, 254),
    (5008, 255),
    (5008, 256),
    (5008, 257),
    (5009, 257),
    (5009, 258),
    (5009, 259),
    (5009, 260),
    (5009, 261),
    (5010, 261),
    (5010, 262),
    (5010, 263),
    (5010, 264),
    (5010, 265),
    (6001, 275),
    (6001, 276),
    (6001, 277),
    (6001, 278),
    (6001, 279),
    (6002, 279),
    (6002, 280),
    (6002, 281),
    (6002, 282),
    (6002, 283),
    (6003, 283),
    (6003, 284),
    (6003, 285),
    (6003, 286),
    (6003, 287),
    (6004, 287),
    (6004, 288),
    (6004, 289),
    (6004, 290),
    (6004, 291),
    (6005, 291),
    (6005, 292),
    (6005, 293),
    (6005, 294),
    (6005, 295),
    (6006, 295),
    (6006, 296),
    (6006, 297),
    (6006, 298),
    (6006, 299),
    (6007, 299),
    (6007, 300),
    (6007, 301),
    (6007, 302),
    (6007, 303),
    (6008, 303),
    (6008, 304),
    (6008, 305),
    (6008, 306),
    (6008, 307),
    (6009, 307),
    (6009, 308),
    (6009, 309),
    (6009, 310),
    (6009, 311),
    (6010, 311),
    (6010, 312),
    (6010, 313),
    (6010, 314),
    (6010, 315),
    (7001, 325),
    (7001, 326),
    (7001, 327),
    (7001, 328),
    (7001, 329),
    (7002, 329),
    (7002, 330),
    (7002, 331),
    (7002, 332),
    (7002, 333),
    (7003, 333),
    (7003, 334),
    (7003, 335),
    (7003, 336),
    (7003, 337),
    (7004, 337),
    (7004, 338),
    (7004, 339),
    (7004, 340),
    (7004, 341),
    (7005, 341),
    (7005, 342),
    (7005, 343),
    (7005, 344),
    (7005, 345),
    (7006, 345),
    (7006, 346),
    (7006, 347),
    (7006, 348),
    (7006, 349),
    (7007, 349),
    (7007, 350),
    (7007, 351),
    (7007, 352),
    (7007, 353),
    (7008, 353),
    (7008, 354),
    (7008, 355),
    (7008, 356),
    (7008, 357),
    (7009, 357),
    (7009, 358),
    (7009, 359),
    (7009, 360),
    (7009, 361),
    (7010, 361),
    (7010, 362),
    (7010, 363),
    (7010, 364),
    (7010, 365),
    (8001, 375),
    (8001, 376),
    (8001, 377),
    (8001, 378),
    (8001, 379),
    (8002, 379),
    (8002, 380),
    (8002, 381),
    (8002, 382),
    (8002, 383),
    (8003, 383),
    (8003, 384),
    (8003, 385),
    (8003, 386),
    (8003, 387),
    (8004, 387),
    (8004, 388),
    (8004, 389),
    (8004, 390),
    (8004, 391),
    (8005, 391),
    (8005, 392),
    (8005, 393),
    (8005, 394),
    (8005, 395),
    (8006, 395),
    (8006, 396),
    (8006, 397),
    (8006, 398),
    (8006, 399),
    (8007, 399),
    (8007, 400),
    (8007, 401),
    (8007, 402),
    (8007, 403),
    (8008, 403),
    (8008, 404),
    (8008, 405),
    (8008, 406),
    (8008, 407),
    (8009, 407),
    (8009, 408),
    (8009, 409),
    (8009, 410),
    (8009, 411),
    (8010, 411),
    (8010, 412),
    (8010, 413),
    (8010, 414),
    (8010, 415);

UPDATE applicants SET confirmed_bureau_schedule_id = 25 WHERE id = 1001;
UPDATE applicants SET confirmed_bureau_schedule_id = 29 WHERE id = 1002;
UPDATE applicants SET confirmed_bureau_schedule_id = 33 WHERE id = 1003;
UPDATE applicants SET confirmed_bureau_schedule_id = 37 WHERE id = 1004;
UPDATE applicants SET confirmed_bureau_schedule_id = 41 WHERE id = 1005;
UPDATE applicants SET confirmed_bureau_schedule_id = 45 WHERE id = 1006;
UPDATE applicants SET confirmed_bureau_schedule_id = 75 WHERE id = 2001;
UPDATE applicants SET confirmed_bureau_schedule_id = 79 WHERE id = 2002;
UPDATE applicants SET confirmed_bureau_schedule_id = 83 WHERE id = 2003;
UPDATE applicants SET confirmed_bureau_schedule_id = 87 WHERE id = 2004;
UPDATE applicants SET confirmed_bureau_schedule_id = 91 WHERE id = 2005;
UPDATE applicants SET confirmed_bureau_schedule_id = 95 WHERE id = 2006;
UPDATE applicants SET confirmed_bureau_schedule_id = 125 WHERE id = 3001;
UPDATE applicants SET confirmed_bureau_schedule_id = 129 WHERE id = 3002;
UPDATE applicants SET confirmed_bureau_schedule_id = 133 WHERE id = 3003;
UPDATE applicants SET confirmed_bureau_schedule_id = 137 WHERE id = 3004;
UPDATE applicants SET confirmed_bureau_schedule_id = 141 WHERE id = 3005;
UPDATE applicants SET confirmed_bureau_schedule_id = 145 WHERE id = 3006;
UPDATE applicants SET confirmed_bureau_schedule_id = 175 WHERE id = 4001;
UPDATE applicants SET confirmed_bureau_schedule_id = 179 WHERE id = 4002;
UPDATE applicants SET confirmed_bureau_schedule_id = 183 WHERE id = 4003;
UPDATE applicants SET confirmed_bureau_schedule_id = 187 WHERE id = 4004;
UPDATE applicants SET confirmed_bureau_schedule_id = 191 WHERE id = 4005;
UPDATE applicants SET confirmed_bureau_schedule_id = 195 WHERE id = 4006;
UPDATE applicants SET confirmed_bureau_schedule_id = 225 WHERE id = 5001;
UPDATE applicants SET confirmed_bureau_schedule_id = 229 WHERE id = 5002;
UPDATE applicants SET confirmed_bureau_schedule_id = 233 WHERE id = 5003;
UPDATE applicants SET confirmed_bureau_schedule_id = 237 WHERE id = 5004;
UPDATE applicants SET confirmed_bureau_schedule_id = 241 WHERE id = 5005;
UPDATE applicants SET confirmed_bureau_schedule_id = 245 WHERE id = 5006;
UPDATE applicants SET confirmed_bureau_schedule_id = 275 WHERE id = 6001;
UPDATE applicants SET confirmed_bureau_schedule_id = 279 WHERE id = 6002;
UPDATE applicants SET confirmed_bureau_schedule_id = 283 WHERE id = 6003;
UPDATE applicants SET confirmed_bureau_schedule_id = 287 WHERE id = 6004;
UPDATE applicants SET confirmed_bureau_schedule_id = 291 WHERE id = 6005;
UPDATE applicants SET confirmed_bureau_schedule_id = 295 WHERE id = 6006;
UPDATE applicants SET confirmed_bureau_schedule_id = 325 WHERE id = 7001;
UPDATE applicants SET confirmed_bureau_schedule_id = 329 WHERE id = 7002;
UPDATE applicants SET confirmed_bureau_schedule_id = 333 WHERE id = 7003;
UPDATE applicants SET confirmed_bureau_schedule_id = 337 WHERE id = 7004;
UPDATE applicants SET confirmed_bureau_schedule_id = 341 WHERE id = 7005;
UPDATE applicants SET confirmed_bureau_schedule_id = 345 WHERE id = 7006;
UPDATE applicants SET confirmed_bureau_schedule_id = 375 WHERE id = 8001;
UPDATE applicants SET confirmed_bureau_schedule_id = 379 WHERE id = 8002;
UPDATE applicants SET confirmed_bureau_schedule_id = 383 WHERE id = 8003;
UPDATE applicants SET confirmed_bureau_schedule_id = 387 WHERE id = 8004;
UPDATE applicants SET confirmed_bureau_schedule_id = 391 WHERE id = 8005;
UPDATE applicants SET confirmed_bureau_schedule_id = 395 WHERE id = 8006;

INSERT INTO scores (applicant_id, interviewer_id, criterion_id, score) VALUES
    (2001, 3, 3, 7),
    (2001, 3, 4, 8),
    (2001, 4, 3, 9),
    (2001, 4, 4, 10),
    (2002, 3, 3, 8),
    (2002, 3, 4, 9),
    (2002, 4, 3, 10),
    (2002, 4, 4, 5),
    (2003, 3, 3, 9),
    (2003, 3, 4, 10),
    (2003, 4, 3, 5),
    (2003, 4, 4, 6),
    (2004, 3, 3, 10),
    (2004, 3, 4, 5),
    (2004, 4, 3, 6),
    (2004, 4, 4, 7),
    (3001, 5, 5, 9),
    (3001, 5, 6, 10),
    (3001, 6, 5, 5),
    (3001, 6, 6, 6),
    (3002, 5, 5, 10),
    (3002, 5, 6, 5),
    (3002, 6, 5, 6),
    (3002, 6, 6, 7),
    (3003, 5, 5, 5),
    (3003, 5, 6, 6),
    (3003, 6, 5, 7),
    (3003, 6, 6, 8),
    (3004, 5, 5, 6),
    (3004, 5, 6, 7),
    (3004, 6, 5, 8),
    (3004, 6, 6, 9),
    (4001, 7, 7, 5),
    (4001, 7, 8, 6),
    (4001, 8, 7, 7),
    (4001, 8, 8, 8),
    (4002, 7, 7, 6),
    (4002, 7, 8, 7),
    (4002, 8, 7, 8),
    (4002, 8, 8, 9),
    (4003, 7, 7, 7),
    (4003, 7, 8, 8),
    (4003, 8, 7, 9),
    (4003, 8, 8, 10),
    (4004, 7, 7, 8),
    (4004, 7, 8, 9),
    (4004, 8, 7, 10),
    (4004, 8, 8, 5),
    (5001, 9, 9, 7),
    (5001, 9, 10, 8),
    (5001, 10, 9, 9),
    (5001, 10, 10, 10),
    (5002, 9, 9, 8),
    (5002, 9, 10, 9),
    (5002, 10, 9, 10),
    (5002, 10, 10, 5),
    (5003, 9, 9, 9),
    (5003, 9, 10, 10),
    (5003, 10, 9, 5),
    (5003, 10, 10, 6),
    (5004, 9, 9, 10),
    (5004, 9, 10, 5),
    (5004, 10, 9, 6),
    (5004, 10, 10, 7),
    (6001, 11, 11, 9),
    (6001, 11, 12, 10),
    (6001, 12, 11, 5),
    (6001, 12, 12, 6),
    (6002, 11, 11, 10),
    (6002, 11, 12, 5),
    (6002, 12, 11, 6),
    (6002, 12, 12, 7),
    (6003, 11, 11, 5),
    (6003, 11, 12, 6),
    (6003, 12, 11, 7),
    (6003, 12, 12, 8),
    (6004, 11, 11, 6),
    (6004, 11, 12, 7),
    (6004, 12, 11, 8),
    (6004, 12, 12, 9),
    (7001, 13, 13, 5),
    (7001, 13, 14, 6),
    (7001, 14, 13, 7),
    (7001, 14, 14, 8),
    (7002, 13, 13, 6),
    (7002, 13, 14, 7),
    (7002, 14, 13, 8),
    (7002, 14, 14, 9),
    (7003, 13, 13, 7),
    (7003, 13, 14, 8),
    (7003, 14, 13, 9),
    (7003, 14, 14, 10),
    (7004, 13, 13, 8),
    (7004, 13, 14, 9),
    (7004, 14, 13, 10),
    (7004, 14, 14, 5),
    (8001, 15, 15, 7),
    (8001, 15, 16, 8),
    (8001, 16, 15, 9),
    (8001, 16, 16, 10),
    (8002, 15, 15, 8),
    (8002, 15, 16, 9),
    (8002, 16, 15, 10),
    (8002, 16, 16, 5),
    (8003, 15, 15, 9),
    (8003, 15, 16, 10),
    (8003, 16, 15, 5),
    (8003, 16, 16, 6),
    (8004, 15, 15, 10),
    (8004, 15, 16, 5),
    (8004, 16, 15, 6),
    (8004, 16, 16, 7);

COMMIT;
